Id_compradores;nombre;apellido;dni;ciudad;provincia;codigo_postal;domicilio;email;telefono
1;Nombre 69;Apellido 41;72520530;MENDOZA;MENDOZA;5500;MENDOZA80773889;80773889@hotmail.com;80773889
2;Nombre 17;Apellido 45;74482089;MENDOZA;MENDOZA;5500;MENDOZA47181074;47181074@hotmail.com;47181074
3;Nombre 69;Apellido 37;71974267;MENDOZA;MENDOZA;5500;MENDOZA53146334;53146334@hotmail.com;53146334
4;Nombre 50;Apellido 63;82738487;MENDOZA;MENDOZA;5500;MENDOZA6762064;6762064@hotmail.com;6762064
5;Nombre 53;Apellido 44;16936376;MENDOZA;MENDOZA;5500;MENDOZA93478133;93478133@hotmail.com;93478133
6;Nombre 30;Apellido 10;45825386;MENDOZA;MENDOZA;5500;MENDOZA78500315;78500315@hotmail.com;78500315
7;Nombre 18;Apellido 5;11400152;MENDOZA;MENDOZA;5500;MENDOZA99995640;99995640@hotmail.com;99995640
8;Nombre 41;Apellido 50;86025059;MENDOZA;MENDOZA;5500;MENDOZA18779937;18779937@hotmail.com;18779937
9;Nombre 57;Apellido 16;47109474;MENDOZA;MENDOZA;5500;MENDOZA48655760;48655760@hotmail.com;48655760
10;Nombre 56;Apellido 69;307097;MENDOZA;MENDOZA;5500;MENDOZA34587030;34587030@hotmail.com;34587030
11;Nombre 3;Apellido 15;85385047;MENDOZA;MENDOZA;5500;MENDOZA23741700;23741700@hotmail.com;23741700
12;Nombre 51;Apellido 19;77835782;MENDOZA;MENDOZA;5500;MENDOZA40486807;40486807@hotmail.com;40486807
13;Nombre 40;Apellido 9;25802550;MENDOZA;MENDOZA;5500;MENDOZA92227075;92227075@hotmail.com;92227075
14;Nombre 9;Apellido 52;37188005;MENDOZA;MENDOZA;5500;MENDOZA17717964;17717964@hotmail.com;17717964
15;Nombre 15;Apellido 14;37809125;MENDOZA;MENDOZA;5500;MENDOZA54837675;54837675@hotmail.com;54837675
16;Nombre 10;Apellido 69;3669931;MENDOZA;MENDOZA;5500;MENDOZA81864976;81864976@hotmail.com;81864976
17;Nombre 68;Apellido 44;39952732;MENDOZA;MENDOZA;5500;MENDOZA41805196;41805196@hotmail.com;41805196
18;Nombre 14;Apellido 62;34215214;MENDOZA;MENDOZA;5500;MENDOZA14004020;14004020@hotmail.com;14004020
19;Nombre 48;Apellido 15;18235113;MENDOZA;MENDOZA;5500;MENDOZA128444;128444@hotmail.com;128444
20;Nombre 29;Apellido 43;16137504;MENDOZA;MENDOZA;5500;MENDOZA68668796;68668796@hotmail.com;68668796
21;Nombre 37;Apellido 21;50593949;MENDOZA;MENDOZA;5500;MENDOZA90269992;90269992@hotmail.com;90269992
22;Nombre 17;Apellido 56;59562101;MENDOZA;MENDOZA;5500;MENDOZA86640558;86640558@hotmail.com;86640558
23;Nombre 26;Apellido 34;20645670;MENDOZA;MENDOZA;5500;MENDOZA73717589;73717589@hotmail.com;73717589
24;Nombre 2;Apellido 48;78804437;MENDOZA;MENDOZA;5500;MENDOZA71685773;71685773@hotmail.com;71685773
25;Nombre 57;Apellido 68;59112421;MENDOZA;MENDOZA;5500;MENDOZA5390068;5390068@hotmail.com;5390068
26;Nombre 57;Apellido 16;11488251;MENDOZA;MENDOZA;5500;MENDOZA37261624;37261624@hotmail.com;37261624
27;Nombre 56;Apellido 45;95912851;MENDOZA;MENDOZA;5500;MENDOZA24689647;24689647@hotmail.com;24689647
28;Nombre 44;Apellido 65;66057668;MENDOZA;MENDOZA;5500;MENDOZA55262768;55262768@hotmail.com;55262768
29;Nombre 68;Apellido 26;66376413;MENDOZA;MENDOZA;5500;MENDOZA70881610;70881610@hotmail.com;70881610
30;Nombre 36;Apellido 53;67851319;MENDOZA;MENDOZA;5500;MENDOZA96533907;96533907@hotmail.com;96533907
31;Nombre 0;Apellido 5;19667750;MENDOZA;MENDOZA;5500;MENDOZA88765839;88765839@hotmail.com;88765839
32;Nombre 41;Apellido 43;4452062;MENDOZA;MENDOZA;5500;MENDOZA8625711;8625711@hotmail.com;8625711
33;Nombre 59;Apellido 16;81066505;MENDOZA;MENDOZA;5500;MENDOZA72203064;72203064@hotmail.com;72203064
34;Nombre 30;Apellido 30;55044193;MENDOZA;MENDOZA;5500;MENDOZA35692713;35692713@hotmail.com;35692713
35;Nombre 27;Apellido 16;28586066;MENDOZA;MENDOZA;5500;MENDOZA50444247;50444247@hotmail.com;50444247
36;Nombre 66;Apellido 65;42505171;MENDOZA;MENDOZA;5500;MENDOZA18150182;18150182@hotmail.com;18150182
37;Nombre 25;Apellido 4;41442857;MENDOZA;MENDOZA;5500;MENDOZA16419714;16419714@hotmail.com;16419714
38;Nombre 41;Apellido 53;26497222;MENDOZA;MENDOZA;5500;MENDOZA74413652;74413652@hotmail.com;74413652
39;Nombre 58;Apellido 12;47578001;MENDOZA;MENDOZA;5500;MENDOZA39772931;39772931@hotmail.com;39772931
40;Nombre 68;Apellido 47;80534656;MENDOZA;MENDOZA;5500;MENDOZA36494140;36494140@hotmail.com;36494140
41;Nombre 52;Apellido 21;50821060;MENDOZA;MENDOZA;5500;MENDOZA89632456;89632456@hotmail.com;89632456
42;Nombre 6;Apellido 48;74576695;MENDOZA;MENDOZA;5500;MENDOZA97230091;97230091@hotmail.com;97230091
43;Nombre 44;Apellido 17;17968566;MENDOZA;MENDOZA;5500;MENDOZA3627242;3627242@hotmail.com;3627242
44;Nombre 33;Apellido 56;39887119;CORDOBA;CORDOBA;5000;CORDOBA5382902;5382902@hotmail.com;5382902
45;Nombre 66;Apellido 57;91188344;CORDOBA;CORDOBA;5000;CORDOBA97750159;97750159@hotmail.com;97750159
46;Nombre 50;Apellido 12;86527131;CORDOBA;CORDOBA;5000;CORDOBA80647888;80647888@hotmail.com;80647888
47;Nombre 50;Apellido 55;2476962;CORDOBA;CORDOBA;5000;CORDOBA85210190;85210190@hotmail.com;85210190
48;Nombre 50;Apellido 12;1786046;CORDOBA;CORDOBA;5000;CORDOBA92840514;92840514@hotmail.com;92840514
49;Nombre 28;Apellido 45;71677054;CORDOBA;CORDOBA;5000;CORDOBA6795217;6795217@hotmail.com;6795217
50;Nombre 27;Apellido 13;95046400;CORDOBA;CORDOBA;5000;CORDOBA76175279;76175279@hotmail.com;76175279
51;Nombre 2;Apellido 70;86651476;CORDOBA;CORDOBA;5000;CORDOBA17467400;17467400@hotmail.com;17467400
52;Nombre 22;Apellido 61;30371;CORDOBA;CORDOBA;5000;CORDOBA12790414;12790414@hotmail.com;12790414
53;Nombre 13;Apellido 11;89022489;CORDOBA;CORDOBA;5000;CORDOBA97467005;97467005@hotmail.com;97467005
54;Nombre 3;Apellido 32;67149053;CORDOBA;CORDOBA;5000;CORDOBA90677240;90677240@hotmail.com;90677240
55;Nombre 31;Apellido 10;18388851;CORDOBA;CORDOBA;5000;CORDOBA86205829;86205829@hotmail.com;86205829
56;Nombre 38;Apellido 36;8904176;CORDOBA;CORDOBA;5000;CORDOBA5202334;5202334@hotmail.com;5202334
57;Nombre 39;Apellido 43;25667302;CORDOBA;CORDOBA;5000;CORDOBA75348122;75348122@hotmail.com;75348122
58;Nombre 47;Apellido 33;21164662;CORDOBA;CORDOBA;5000;CORDOBA54780024;54780024@hotmail.com;54780024
59;Nombre 24;Apellido 6;27264866;CORDOBA;CORDOBA;5000;CORDOBA46928107;46928107@hotmail.com;46928107
60;Nombre 55;Apellido 49;27911916;CORDOBA;CORDOBA;5000;CORDOBA68341177;68341177@hotmail.com;68341177
61;Nombre 53;Apellido 0;87834877;CORDOBA;CORDOBA;5000;CORDOBA32923486;32923486@hotmail.com;32923486
62;Nombre 10;Apellido 58;61034381;CORDOBA;CORDOBA;5000;CORDOBA72492983;72492983@hotmail.com;72492983
63;Nombre 40;Apellido 26;43625451;CORDOBA;CORDOBA;5000;CORDOBA85741974;85741974@hotmail.com;85741974
64;Nombre 62;Apellido 65;28332383;CORDOBA;CORDOBA;5000;CORDOBA51177582;51177582@hotmail.com;51177582
65;Nombre 61;Apellido 11;90679217;CORDOBA;CORDOBA;5000;CORDOBA42492456;42492456@hotmail.com;42492456
66;Nombre 42;Apellido 8;69510349;CORDOBA;CORDOBA;5000;CORDOBA781194;781194@hotmail.com;781194
67;Nombre 20;Apellido 0;93735314;CORDOBA;CORDOBA;5000;CORDOBA99176983;99176983@hotmail.com;99176983
68;Nombre 33;Apellido 13;93088720;CORDOBA;CORDOBA;5000;CORDOBA33648779;33648779@hotmail.com;33648779
69;Nombre 0;Apellido 19;30529041;CORDOBA;CORDOBA;5000;CORDOBA70089361;70089361@hotmail.com;70089361
70;Nombre 0;Apellido 23;7428942;CORDOBA;CORDOBA;5000;CORDOBA16513840;16513840@hotmail.com;16513840
71;Nombre 68;Apellido 59;81753772;CORDOBA;CORDOBA;5000;CORDOBA30338271;30338271@hotmail.com;30338271
72;Nombre 7;Apellido 26;51060456;CORDOBA;CORDOBA;5000;CORDOBA45212224;45212224@hotmail.com;45212224
73;Nombre 29;Apellido 43;45278961;CORDOBA;CORDOBA;5000;CORDOBA39687937;39687937@hotmail.com;39687937
74;Nombre 25;Apellido 4;24920320;CORDOBA;CORDOBA;5000;CORDOBA90029639;90029639@hotmail.com;90029639
75;Nombre 62;Apellido 8;81905054;CORDOBA;CORDOBA;5000;CORDOBA39549869;39549869@hotmail.com;39549869
76;Nombre 6;Apellido 53;79717665;CORDOBA;CORDOBA;5000;CORDOBA98013457;98013457@hotmail.com;98013457
77;Nombre 54;Apellido 53;53140710;CORDOBA;CORDOBA;5000;CORDOBA44250329;44250329@hotmail.com;44250329
78;Nombre 38;Apellido 69;2233065;CORDOBA;CORDOBA;5000;CORDOBA99502100;99502100@hotmail.com;99502100
79;Nombre 23;Apellido 49;54933085;CORDOBA;CORDOBA;5000;CORDOBA6487668;6487668@hotmail.com;6487668
80;Nombre 54;Apellido 44;25836103;CORDOBA;CORDOBA;5000;CORDOBA39993436;39993436@hotmail.com;39993436
81;Nombre 60;Apellido 45;77252660;CORDOBA;CORDOBA;5000;CORDOBA95591513;95591513@hotmail.com;95591513
82;Nombre 59;Apellido 58;2794205;CORDOBA;CORDOBA;5000;CORDOBA88353713;88353713@hotmail.com;88353713
83;Nombre 14;Apellido 66;71778322;CORDOBA;CORDOBA;5000;CORDOBA57774827;57774827@hotmail.com;57774827
84;Nombre 52;Apellido 59;73056176;CORDOBA;CORDOBA;5000;CORDOBA65389671;65389671@hotmail.com;65389671
85;Nombre 23;Apellido 9;9055877;CORDOBA;CORDOBA;5000;CORDOBA28565091;28565091@hotmail.com;28565091
86;Nombre 24;Apellido 7;39191224;CORDOBA;CORDOBA;5000;CORDOBA89159663;89159663@hotmail.com;89159663
87;Nombre 50;Apellido 15;74386976;CORDOBA;CORDOBA;5000;CORDOBA89110040;89110040@hotmail.com;89110040
88;Nombre 55;Apellido 6;67177431;CORDOBA;CORDOBA;5000;CORDOBA55339164;55339164@hotmail.com;55339164
89;Nombre 10;Apellido 36;36880263;CORDOBA;CORDOBA;5000;CORDOBA26736617;26736617@hotmail.com;26736617
90;Nombre 42;Apellido 47;23954120;CORDOBA;CORDOBA;5000;CORDOBA11797999;11797999@hotmail.com;11797999
91;Nombre 53;Apellido 5;28660511;CORDOBA;CORDOBA;5000;CORDOBA4221785;4221785@hotmail.com;4221785
92;Nombre 46;Apellido 49;95334224;SANTA FE;SANTA FE;2000;SANTA FE59670316;59670316@hotmail.com;59670316
93;Nombre 49;Apellido 48;67844367;SANTA FE;SANTA FE;2000;SANTA FE16495724;16495724@hotmail.com;16495724
94;Nombre 14;Apellido 23;1331984;SANTA FE;SANTA FE;2000;SANTA FE21044631;21044631@hotmail.com;21044631
95;Nombre 57;Apellido 61;27776030;SANTA FE;SANTA FE;2000;SANTA FE24289256;24289256@hotmail.com;24289256
96;Nombre 33;Apellido 24;3577089;SANTA FE;SANTA FE;2000;SANTA FE72474644;72474644@hotmail.com;72474644
97;Nombre 27;Apellido 7;957705;SANTA FE;SANTA FE;2000;SANTA FE84468539;84468539@hotmail.com;84468539
98;Nombre 51;Apellido 57;33699942;SANTA FE;SANTA FE;2000;SANTA FE9377929;9377929@hotmail.com;9377929
99;Nombre 14;Apellido 45;85455792;SANTA FE;SANTA FE;2000;SANTA FE30943431;30943431@hotmail.com;30943431
100;Nombre 52;Apellido 36;28888254;SANTA FE;SANTA FE;2000;SANTA FE98678214;98678214@hotmail.com;98678214
101;Nombre 48;Apellido 17;67224502;SANTA FE;SANTA FE;2000;SANTA FE9126950;9126950@hotmail.com;9126950
102;Nombre 37;Apellido 1;46798759;SANTA FE;SANTA FE;2000;SANTA FE4449092;4449092@hotmail.com;4449092
103;Nombre 28;Apellido 10;18236771;SANTA FE;SANTA FE;2000;SANTA FE93559304;93559304@hotmail.com;93559304
104;Nombre 11;Apellido 45;16288665;SANTA FE;SANTA FE;2000;SANTA FE56586522;56586522@hotmail.com;56586522
105;Nombre 15;Apellido 40;38582986;SANTA FE;SANTA FE;2000;SANTA FE61651521;61651521@hotmail.com;61651521
106;Nombre 56;Apellido 2;21700750;SANTA FE;SANTA FE;2000;SANTA FE37490885;37490885@hotmail.com;37490885
107;Nombre 9;Apellido 42;53388793;SANTA FE;SANTA FE;2000;SANTA FE97272993;97272993@hotmail.com;97272993
108;Nombre 50;Apellido 17;89447730;SANTA FE;SANTA FE;2000;SANTA FE12255496;12255496@hotmail.com;12255496
109;Nombre 50;Apellido 3;21674488;SANTA FE;SANTA FE;2000;SANTA FE23389958;23389958@hotmail.com;23389958
110;Nombre 51;Apellido 32;58212107;SANTA FE;SANTA FE;2000;SANTA FE38878712;38878712@hotmail.com;38878712
111;Nombre 37;Apellido 69;14852497;SANTA FE;SANTA FE;2000;SANTA FE32005136;32005136@hotmail.com;32005136
112;Nombre 51;Apellido 51;44086015;SANTA FE;SANTA FE;2000;SANTA FE95545170;95545170@hotmail.com;95545170
113;Nombre 60;Apellido 38;94721777;SANTA FE;SANTA FE;2000;SANTA FE87663205;87663205@hotmail.com;87663205
114;Nombre 42;Apellido 52;24363102;SANTA FE;SANTA FE;2000;SANTA FE20124434;20124434@hotmail.com;20124434
115;Nombre 39;Apellido 31;33415977;SANTA FE;SANTA FE;2000;SANTA FE24744536;24744536@hotmail.com;24744536
116;Nombre 29;Apellido 42;37464879;SANTA FE;SANTA FE;2000;SANTA FE4841525;4841525@hotmail.com;4841525
117;Nombre 0;Apellido 56;16206173;SANTA FE;SANTA FE;2000;SANTA FE62206396;62206396@hotmail.com;62206396
118;Nombre 65;Apellido 67;49704116;SANTA FE;SANTA FE;2000;SANTA FE47774748;47774748@hotmail.com;47774748
119;Nombre 60;Apellido 8;99321616;SANTA FE;SANTA FE;2000;SANTA FE97443820;97443820@hotmail.com;97443820
120;Nombre 32;Apellido 14;54386091;SANTA FE;SANTA FE;2000;SANTA FE67685853;67685853@hotmail.com;67685853
121;Nombre 17;Apellido 65;32568220;SANTA FE;SANTA FE;2000;SANTA FE65192065;65192065@hotmail.com;65192065
122;Nombre 64;Apellido 53;16316713;SANTA FE;SANTA FE;2000;SANTA FE14002286;14002286@hotmail.com;14002286
123;Nombre 55;Apellido 35;25592347;SANTA FE;SANTA FE;2000;SANTA FE11101381;11101381@hotmail.com;11101381
124;Nombre 2;Apellido 65;40378266;SANTA FE;SANTA FE;2000;SANTA FE87929957;87929957@hotmail.com;87929957
125;Nombre 39;Apellido 55;38816757;SANTA FE;SANTA FE;2000;SANTA FE12568138;12568138@hotmail.com;12568138
126;Nombre 8;Apellido 27;50765553;SANTA FE;SANTA FE;2000;SANTA FE61119124;61119124@hotmail.com;61119124
127;Nombre 39;Apellido 16;18589117;SANTA FE;SANTA FE;2000;SANTA FE12951643;12951643@hotmail.com;12951643
128;Nombre 69;Apellido 62;6125925;SANTA FE;SANTA FE;2000;SANTA FE76539351;76539351@hotmail.com;76539351
129;Nombre 3;Apellido 35;716481;SANTA FE;SANTA FE;2000;SANTA FE27353434;27353434@hotmail.com;27353434
130;Nombre 67;Apellido 57;22658202;SANTA FE;SANTA FE;2000;SANTA FE22808638;22808638@hotmail.com;22808638
131;Nombre 64;Apellido 38;58659104;SANTA FE;SANTA FE;2000;SANTA FE38158296;38158296@hotmail.com;38158296
132;Nombre 38;Apellido 1;23700857;SANTA FE;SANTA FE;2000;SANTA FE32795585;32795585@hotmail.com;32795585
133;Nombre 1;Apellido 45;30134135;SANTA FE;SANTA FE;2000;SANTA FE62568489;62568489@hotmail.com;62568489
134;Nombre 45;Apellido 0;11046372;SANTA FE;SANTA FE;2000;SANTA FE3563198;3563198@hotmail.com;3563198
135;Nombre 38;Apellido 58;78206809;SANTA FE;SANTA FE;2000;SANTA FE30002790;30002790@hotmail.com;30002790
136;Nombre 10;Apellido 60;54784402;SANTA FE;SANTA FE;2000;SANTA FE15402676;15402676@hotmail.com;15402676
137;Nombre 29;Apellido 56;16158759;SANTA FE;SANTA FE;2000;SANTA FE18639771;18639771@hotmail.com;18639771
138;Nombre 33;Apellido 67;8593533;SANTA FE;SANTA FE;2000;SANTA FE29631508;29631508@hotmail.com;29631508
139;Nombre 65;Apellido 6;87117855;SANTA FE;SANTA FE;2000;SANTA FE33283074;33283074@hotmail.com;33283074
140;Nombre 54;Apellido 44;73823141;SANTA FE;SANTA FE;2000;SANTA FE18881578;18881578@hotmail.com;18881578
141;Nombre 2;Apellido 25;53771442;SANTA FE;SANTA FE;2000;SANTA FE53400403;53400403@hotmail.com;53400403
142;Nombre 5;Apellido 13;95250214;SANTA FE;SANTA FE;2000;SANTA FE69720817;69720817@hotmail.com;69720817
143;Nombre 67;Apellido 70;36187934;SANTA FE;SANTA FE;2000;SANTA FE84485209;84485209@hotmail.com;84485209
144;Nombre 5;Apellido 62;74939413;CABA;CABA;1000;CABA49640493;49640493@hotmail.com;49640493
145;Nombre 0;Apellido 50;79125301;CABA;CABA;1000;CABA28220763;28220763@hotmail.com;28220763
146;Nombre 35;Apellido 37;28119742;CABA;CABA;1000;CABA41765683;41765683@hotmail.com;41765683
147;Nombre 8;Apellido 2;28057043;CABA;CABA;1000;CABA69263099;69263099@hotmail.com;69263099
148;Nombre 27;Apellido 55;80421979;CABA;CABA;1000;CABA78237749;78237749@hotmail.com;78237749
149;Nombre 67;Apellido 50;15906473;CABA;CABA;1000;CABA7337396;7337396@hotmail.com;7337396
150;Nombre 5;Apellido 16;62263543;CABA;CABA;1000;CABA93266308;93266308@hotmail.com;93266308
151;Nombre 69;Apellido 4;82121794;CABA;CABA;1000;CABA42859317;42859317@hotmail.com;42859317
152;Nombre 27;Apellido 39;751049;CABA;CABA;1000;CABA29607888;29607888@hotmail.com;29607888
153;Nombre 55;Apellido 18;60782113;CABA;CABA;1000;CABA29108929;29108929@hotmail.com;29108929
154;Nombre 7;Apellido 68;38386603;CABA;CABA;1000;CABA67015918;67015918@hotmail.com;67015918
155;Nombre 62;Apellido 0;34996190;CABA;CABA;1000;CABA12322577;12322577@hotmail.com;12322577
156;Nombre 36;Apellido 30;31365800;CABA;CABA;1000;CABA61400473;61400473@hotmail.com;61400473
157;Nombre 39;Apellido 46;87601562;CABA;CABA;1000;CABA97712734;97712734@hotmail.com;97712734
158;Nombre 9;Apellido 67;47659994;CABA;CABA;1000;CABA41478046;41478046@hotmail.com;41478046
159;Nombre 31;Apellido 8;11314025;CABA;CABA;1000;CABA60725135;60725135@hotmail.com;60725135
160;Nombre 12;Apellido 16;9761439;CABA;CABA;1000;CABA72085094;72085094@hotmail.com;72085094
161;Nombre 29;Apellido 69;29801930;CABA;CABA;1000;CABA1706314;1706314@hotmail.com;1706314
162;Nombre 68;Apellido 46;11378860;CABA;CABA;1000;CABA65640998;65640998@hotmail.com;65640998
163;Nombre 9;Apellido 38;31013580;CABA;CABA;1000;CABA53055997;53055997@hotmail.com;53055997
164;Nombre 7;Apellido 16;98006736;CABA;CABA;1000;CABA75104878;75104878@hotmail.com;75104878
165;Nombre 4;Apellido 3;8379588;CABA;CABA;1000;CABA51912532;51912532@hotmail.com;51912532
166;Nombre 59;Apellido 56;93720630;CABA;CABA;1000;CABA91868173;91868173@hotmail.com;91868173
167;Nombre 22;Apellido 50;28718100;CABA;CABA;1000;CABA1063503;1063503@hotmail.com;1063503
168;Nombre 24;Apellido 29;401870;CABA;CABA;1000;CABA73114802;73114802@hotmail.com;73114802
169;Nombre 46;Apellido 8;8824140;CABA;CABA;1000;CABA45247903;45247903@hotmail.com;45247903
170;Nombre 8;Apellido 31;99559627;CABA;CABA;1000;CABA47079306;47079306@hotmail.com;47079306
171;Nombre 58;Apellido 28;48423022;CABA;CABA;1000;CABA80043503;80043503@hotmail.com;80043503
172;Nombre 46;Apellido 43;73750370;CABA;CABA;1000;CABA67219934;67219934@hotmail.com;67219934
173;Nombre 69;Apellido 9;74571683;CABA;CABA;1000;CABA3398414;3398414@hotmail.com;3398414
174;Nombre 5;Apellido 11;96110660;CABA;CABA;1000;CABA72539150;72539150@hotmail.com;72539150
175;Nombre 4;Apellido 54;42423753;CABA;CABA;1000;CABA84416997;84416997@hotmail.com;84416997
176;Nombre 42;Apellido 47;38597786;CABA;CABA;1000;CABA40132694;40132694@hotmail.com;40132694
177;Nombre 34;Apellido 34;76819213;CABA;CABA;1000;CABA5657412;5657412@hotmail.com;5657412
178;Nombre 56;Apellido 68;37115600;CABA;CABA;1000;CABA5596484;5596484@hotmail.com;5596484
179;Nombre 12;Apellido 67;47265313;CABA;CABA;1000;CABA80913761;80913761@hotmail.com;80913761
180;Nombre 65;Apellido 43;53793675;CABA;CABA;1000;CABA59297085;59297085@hotmail.com;59297085
181;Nombre 50;Apellido 67;40952313;CABA;CABA;1000;CABA33775318;33775318@hotmail.com;33775318
182;Nombre 7;Apellido 52;61353298;CABA;CABA;1000;CABA72907723;72907723@hotmail.com;72907723
183;Nombre 31;Apellido 47;31467893;CABA;CABA;1000;CABA68276158;68276158@hotmail.com;68276158
184;Nombre 31;Apellido 14;73862350;CABA;CABA;1000;CABA56281804;56281804@hotmail.com;56281804
185;Nombre 23;Apellido 18;58373315;CABA;CABA;1000;CABA73331034;73331034@hotmail.com;73331034
186;Nombre 49;Apellido 43;83444707;CABA;CABA;1000;CABA13995876;13995876@hotmail.com;13995876
187;Nombre 18;Apellido 23;9880016;CABA;CABA;1000;CABA80619959;80619959@hotmail.com;80619959
188;Nombre 64;Apellido 55;68921812;CABA;CABA;1000;CABA52122999;52122999@hotmail.com;52122999
189;Nombre 14;Apellido 33;89177334;CABA;CABA;1000;CABA70920104;70920104@hotmail.com;70920104
190;Nombre 13;Apellido 21;94241350;CABA;CABA;1000;CABA56436949;56436949@hotmail.com;56436949
191;Nombre 2;Apellido 26;97733642;CABA;CABA;1000;CABA77936677;77936677@hotmail.com;77936677
192;Nombre 37;Apellido 21;50269115;CABA;CABA;1000;CABA14801351;14801351@hotmail.com;14801351
193;Nombre 54;Apellido 58;65908723;CABA;CABA;1000;CABA29364808;29364808@hotmail.com;29364808
194;Nombre 50;Apellido 33;40526805;CABA;CABA;1000;CABA19532302;19532302@hotmail.com;19532302
195;Nombre 13;Apellido 47;33823189;CABA;CABA;1000;CABA51694576;51694576@hotmail.com;51694576
196;Nombre 66;Apellido 45;11254371;CABA;CABA;1000;CABA54667124;54667124@hotmail.com;54667124
197;Nombre 9;Apellido 44;41540642;CABA;CABA;1000;CABA34186573;34186573@hotmail.com;34186573
198;Nombre 35;Apellido 49;59327182;CABA;CABA;1000;CABA32016916;32016916@hotmail.com;32016916
199;Nombre 46;Apellido 68;36703166;CABA;CABA;1000;CABA36093147;36093147@hotmail.com;36093147
200;Nombre 58;Apellido 34;62694500;CABA;CABA;1000;CABA86380647;86380647@hotmail.com;86380647
201;Nombre 65;Apellido 56;85855619;CABA;CABA;1000;CABA43741196;43741196@hotmail.com;43741196
202;Nombre 5;Apellido 6;818058;BUENOS AIRES;BUENOS AIRES;1600;BUENOS AIRES11169858;11169858@hotmail.com;11169858
203;Nombre 53;Apellido 14;70396687;BUENOS AIRES;BUENOS AIRES;1600;BUENOS AIRES56248531;56248531@hotmail.com;56248531
204;Nombre 12;Apellido 37;14831713;BUENOS AIRES;BUENOS AIRES;1600;BUENOS AIRES11814636;11814636@hotmail.com;11814636
205;Nombre 17;Apellido 12;23565062;BUENOS AIRES;BUENOS AIRES;1600;BUENOS AIRES42702536;42702536@hotmail.com;42702536
206;Nombre 1;Apellido 4;85631675;BUENOS AIRES;BUENOS AIRES;1600;BUENOS AIRES65634751;65634751@hotmail.com;65634751
207;Nombre 69;Apellido 29;86829859;BUENOS AIRES;BUENOS AIRES;1600;BUENOS AIRES63435012;63435012@hotmail.com;63435012
208;Nombre 27;Apellido 48;33720656;BUENOS AIRES;BUENOS AIRES;1600;BUENOS AIRES7368732;7368732@hotmail.com;7368732
209;Nombre 29;Apellido 66;24790968;BUENOS AIRES;BUENOS AIRES;1600;BUENOS AIRES53990537;53990537@hotmail.com;53990537
210;Nombre 11;Apellido 3;7309640;BUENOS AIRES;BUENOS AIRES;1600;BUENOS AIRES52324310;52324310@hotmail.com;52324310
211;Nombre 17;Apellido 35;81054656;BUENOS AIRES;BUENOS AIRES;1600;BUENOS AIRES4480341;4480341@hotmail.com;4480341
212;Nombre 62;Apellido 8;78932022;BUENOS AIRES;BUENOS AIRES;1600;BUENOS AIRES31275393;31275393@hotmail.com;31275393
213;Nombre 19;Apellido 40;3943084;BUENOS AIRES;BUENOS AIRES;1600;BUENOS AIRES27774530;27774530@hotmail.com;27774530
214;Nombre 9;Apellido 29;8712804;BUENOS AIRES;BUENOS AIRES;1600;BUENOS AIRES38974577;38974577@hotmail.com;38974577
215;Nombre 15;Apellido 33;42295552;BUENOS AIRES;BUENOS AIRES;1600;BUENOS AIRES47510348;47510348@hotmail.com;47510348
216;Nombre 61;Apellido 55;11589356;BUENOS AIRES;BUENOS AIRES;1600;BUENOS AIRES1730346;1730346@hotmail.com;1730346
217;Nombre 19;Apellido 16;56560038;BUENOS AIRES;BUENOS AIRES;1600;BUENOS AIRES77842959;77842959@hotmail.com;77842959
218;Nombre 5;Apellido 55;32391336;BUENOS AIRES;BUENOS AIRES;1600;BUENOS AIRES98230751;98230751@hotmail.com;98230751
219;Nombre 32;Apellido 57;8952860;BUENOS AIRES;BUENOS AIRES;1600;BUENOS AIRES39460915;39460915@hotmail.com;39460915
220;Nombre 52;Apellido 44;47009691;BUENOS AIRES;BUENOS AIRES;1600;BUENOS AIRES35059574;35059574@hotmail.com;35059574
221;Nombre 13;Apellido 38;65343081;BUENOS AIRES;BUENOS AIRES;1600;BUENOS AIRES15415848;15415848@hotmail.com;15415848
222;Nombre 22;Apellido 52;69234463;BUENOS AIRES;BUENOS AIRES;1600;BUENOS AIRES86588013;86588013@hotmail.com;86588013
223;Nombre 65;Apellido 2;38918356;BUENOS AIRES;BUENOS AIRES;1600;BUENOS AIRES2123073;2123073@hotmail.com;2123073
224;Nombre 38;Apellido 36;14597537;BUENOS AIRES;BUENOS AIRES;1600;BUENOS AIRES74638846;74638846@hotmail.com;74638846
225;Nombre 6;Apellido 12;36396211;BUENOS AIRES;BUENOS AIRES;1600;BUENOS AIRES38386408;38386408@hotmail.com;38386408
226;Nombre 34;Apellido 48;7160739;BUENOS AIRES;BUENOS AIRES;1600;BUENOS AIRES42077112;42077112@hotmail.com;42077112
227;Nombre 70;Apellido 58;87906440;BUENOS AIRES;BUENOS AIRES;1600;BUENOS AIRES82959608;82959608@hotmail.com;82959608
228;Nombre 29;Apellido 48;79145677;BUENOS AIRES;BUENOS AIRES;1600;BUENOS AIRES85910561;85910561@hotmail.com;85910561
229;Nombre 16;Apellido 60;84596638;BUENOS AIRES;BUENOS AIRES;1600;BUENOS AIRES70013464;70013464@hotmail.com;70013464
230;Nombre 42;Apellido 56;12176139;BUENOS AIRES;BUENOS AIRES;1600;BUENOS AIRES68275863;68275863@hotmail.com;68275863
231;Nombre 48;Apellido 31;47976751;BUENOS AIRES;BUENOS AIRES;1600;BUENOS AIRES64529251;64529251@hotmail.com;64529251
232;Nombre 18;Apellido 68;72325119;BUENOS AIRES;BUENOS AIRES;1600;BUENOS AIRES40596736;40596736@hotmail.com;40596736
233;Nombre 42;Apellido 37;73054721;BUENOS AIRES;BUENOS AIRES;1600;BUENOS AIRES5246391;5246391@hotmail.com;5246391
234;Nombre 42;Apellido 49;57818594;BUENOS AIRES;BUENOS AIRES;1600;BUENOS AIRES59044182;59044182@hotmail.com;59044182
235;Nombre 37;Apellido 8;36021762;BUENOS AIRES;BUENOS AIRES;1600;BUENOS AIRES2077159;2077159@hotmail.com;2077159
236;Nombre 8;Apellido 42;80900438;BUENOS AIRES;BUENOS AIRES;1600;BUENOS AIRES64085741;64085741@hotmail.com;64085741
237;Nombre 50;Apellido 44;25782588;BUENOS AIRES;BUENOS AIRES;1600;BUENOS AIRES15149520;15149520@hotmail.com;15149520
238;Nombre 43;Apellido 29;55824117;BUENOS AIRES;BUENOS AIRES;1600;BUENOS AIRES58321608;58321608@hotmail.com;58321608
239;Nombre 42;Apellido 3;37715597;BUENOS AIRES;BUENOS AIRES;1600;BUENOS AIRES2698072;2698072@hotmail.com;2698072
240;Nombre 63;Apellido 53;39085716;BUENOS AIRES;BUENOS AIRES;1600;BUENOS AIRES73974387;73974387@hotmail.com;73974387
241;Nombre 32;Apellido 1;74975921;BUENOS AIRES;BUENOS AIRES;1600;BUENOS AIRES80303093;80303093@hotmail.com;80303093
242;Nombre 21;Apellido 14;30790971;BUENOS AIRES;BUENOS AIRES;1600;BUENOS AIRES42392732;42392732@hotmail.com;42392732
243;Nombre 7;Apellido 50;6267946;BUENOS AIRES;BUENOS AIRES;1600;BUENOS AIRES81451143;81451143@hotmail.com;81451143
244;Nombre 16;Apellido 20;76460085;BUENOS AIRES;BUENOS AIRES;1600;BUENOS AIRES94875823;94875823@hotmail.com;94875823
245;Nombre 61;Apellido 46;74723422;BUENOS AIRES;BUENOS AIRES;1600;BUENOS AIRES72592961;72592961@hotmail.com;72592961
246;Nombre 55;Apellido 1;24684772;BUENOS AIRES;BUENOS AIRES;1600;BUENOS AIRES58217331;58217331@hotmail.com;58217331
247;Nombre 39;Apellido 55;87299594;BUENOS AIRES;BUENOS AIRES;1600;BUENOS AIRES29903171;29903171@hotmail.com;29903171
248;Nombre 3;Apellido 1;79990895;BUENOS AIRES;BUENOS AIRES;1600;BUENOS AIRES94857617;94857617@hotmail.com;94857617
249;Nombre 9;Apellido 10;11493727;BUENOS AIRES;BUENOS AIRES;1600;BUENOS AIRES81461460;81461460@hotmail.com;81461460
250;Nombre 67;Apellido 45;13218862;BUENOS AIRES;BUENOS AIRES;1600;BUENOS AIRES50738397;50738397@hotmail.com;50738397
251;Nombre 50;Apellido 64;91253734;BUENOS AIRES;BUENOS AIRES;1600;BUENOS AIRES10799541;10799541@hotmail.com;10799541
252;Nombre 0;Apellido 43;38966374;BUENOS AIRES;BUENOS AIRES;1600;BUENOS AIRES52253322;52253322@hotmail.com;52253322
253;Nombre 64;Apellido 19;68409666;BUENOS AIRES;BUENOS AIRES;1600;BUENOS AIRES85476968;85476968@hotmail.com;85476968
254;Nombre 56;Apellido 36;65460617;BUENOS AIRES;BUENOS AIRES;1600;BUENOS AIRES64522707;64522707@hotmail.com;64522707
255;Nombre 24;Apellido 53;62979944;BUENOS AIRES;BUENOS AIRES;1600;BUENOS AIRES48909884;48909884@hotmail.com;48909884
256;Nombre 10;Apellido 62;55018551;BUENOS AIRES;BUENOS AIRES;1600;BUENOS AIRES28094709;28094709@hotmail.com;28094709
257;Nombre 64;Apellido 48;55104847;BUENOS AIRES;BUENOS AIRES;1600;BUENOS AIRES2989878;2989878@hotmail.com;2989878
258;Nombre 67;Apellido 24;80455837;BUENOS AIRES;BUENOS AIRES;1600;BUENOS AIRES10654919;10654919@hotmail.com;10654919
259;Nombre 5;Apellido 24;4475290;BUENOS AIRES;BUENOS AIRES;1600;BUENOS AIRES22568102;22568102@hotmail.com;22568102
260;Nombre 67;Apellido 8;15921161;BUENOS AIRES;BUENOS AIRES;1600;BUENOS AIRES89040783;89040783@hotmail.com;89040783
261;Nombre 10;Apellido 34;97867872;BUENOS AIRES;BUENOS AIRES;1600;BUENOS AIRES16677808;16677808@hotmail.com;16677808
262;Nombre 45;Apellido 6;90229722;BUENOS AIRES;BUENOS AIRES;1600;BUENOS AIRES48497657;48497657@hotmail.com;48497657
263;Nombre 60;Apellido 36;91239723;BUENOS AIRES;BUENOS AIRES;1600;BUENOS AIRES73024083;73024083@hotmail.com;73024083
264;Nombre 53;Apellido 26;51476095;BUENOS AIRES;BUENOS AIRES;1600;BUENOS AIRES98433543;98433543@hotmail.com;98433543
265;Nombre 66;Apellido 10;95814423;BUENOS AIRES;BUENOS AIRES;1600;BUENOS AIRES55943098;55943098@hotmail.com;55943098
266;Nombre 26;Apellido 20;27214370;BUENOS AIRES;BUENOS AIRES;1600;BUENOS AIRES43746381;43746381@hotmail.com;43746381
267;Nombre 2;Apellido 30;85300582;BUENOS AIRES;BUENOS AIRES;1600;BUENOS AIRES39447056;39447056@hotmail.com;39447056
268;Nombre 21;Apellido 12;12555940;BUENOS AIRES;BUENOS AIRES;1600;BUENOS AIRES68989459;68989459@hotmail.com;68989459
269;Nombre 15;Apellido 49;87987829;BUENOS AIRES;BUENOS AIRES;1600;BUENOS AIRES38410726;38410726@hotmail.com;38410726
270;Nombre 25;Apellido 53;15969122;BUENOS AIRES;BUENOS AIRES;1600;BUENOS AIRES29149320;29149320@hotmail.com;29149320
271;Nombre 68;Apellido 60;88683656;BUENOS AIRES;BUENOS AIRES;1600;BUENOS AIRES96268207;96268207@hotmail.com;96268207
272;Nombre 2;Apellido 41;40248999;BUENOS AIRES;BUENOS AIRES;1600;BUENOS AIRES49639423;49639423@hotmail.com;49639423
273;Nombre 10;Apellido 66;43573723;BUENOS AIRES;BUENOS AIRES;1600;BUENOS AIRES17185003;17185003@hotmail.com;17185003
274;Nombre 44;Apellido 3;64001493;BUENOS AIRES;BUENOS AIRES;1600;BUENOS AIRES12329073;12329073@hotmail.com;12329073
275;Nombre 48;Apellido 46;99955953;BUENOS AIRES;BUENOS AIRES;1600;BUENOS AIRES16522856;16522856@hotmail.com;16522856
276;Nombre 31;Apellido 59;21057096;BUENOS AIRES;BUENOS AIRES;1600;BUENOS AIRES1158957;1158957@hotmail.com;1158957
277;Nombre 54;Apellido 16;82824628;BUENOS AIRES;BUENOS AIRES;1600;BUENOS AIRES54058501;54058501@hotmail.com;54058501
278;Nombre 28;Apellido 3;94562852;BUENOS AIRES;BUENOS AIRES;1600;BUENOS AIRES46333964;46333964@hotmail.com;46333964
279;Nombre 70;Apellido 51;33437909;BUENOS AIRES;BUENOS AIRES;1600;BUENOS AIRES9950103;9950103@hotmail.com;9950103
280;Nombre 35;Apellido 30;56225418;BUENOS AIRES;BUENOS AIRES;1600;BUENOS AIRES484243;484243@hotmail.com;484243
281;Nombre 4;Apellido 55;59825487;BUENOS AIRES;BUENOS AIRES;1600;BUENOS AIRES40526859;40526859@hotmail.com;40526859
282;Nombre 20;Apellido 49;85484365;BUENOS AIRES;BUENOS AIRES;1600;BUENOS AIRES2863587;2863587@hotmail.com;2863587
283;Nombre 54;Apellido 14;35780526;BUENOS AIRES;BUENOS AIRES;1600;BUENOS AIRES87830550;87830550@hotmail.com;87830550
284;Nombre 55;Apellido 58;8537503;BUENOS AIRES;BUENOS AIRES;1600;BUENOS AIRES1988575;1988575@hotmail.com;1988575
285;Nombre 2;Apellido 68;89891207;BUENOS AIRES;BUENOS AIRES;1600;BUENOS AIRES18248284;18248284@hotmail.com;18248284
286;Nombre 43;Apellido 65;52435213;BUENOS AIRES;BUENOS AIRES;1600;BUENOS AIRES65554428;65554428@hotmail.com;65554428
287;Nombre 36;Apellido 17;87825495;BUENOS AIRES;BUENOS AIRES;1600;BUENOS AIRES87890337;87890337@hotmail.com;87890337
288;Nombre 34;Apellido 54;28287419;MENDOZA;MENDOZA;5500;MENDOZA75497624;75497624@hotmail.com;75497624
289;Nombre 50;Apellido 33;84172583;MENDOZA;MENDOZA;5500;MENDOZA8496657;8496657@hotmail.com;8496657
290;Nombre 55;Apellido 16;42426398;MENDOZA;MENDOZA;5500;MENDOZA91277794;91277794@hotmail.com;91277794
291;Nombre 25;Apellido 28;11014051;MENDOZA;MENDOZA;5500;MENDOZA52072410;52072410@hotmail.com;52072410
292;Nombre 56;Apellido 25;1645072;MENDOZA;MENDOZA;5500;MENDOZA35450899;35450899@hotmail.com;35450899
293;Nombre 4;Apellido 42;61957001;MENDOZA;MENDOZA;5500;MENDOZA46192380;46192380@hotmail.com;46192380
294;Nombre 32;Apellido 58;83949927;MENDOZA;MENDOZA;5500;MENDOZA71093781;71093781@hotmail.com;71093781
295;Nombre 70;Apellido 5;7082973;MENDOZA;MENDOZA;5500;MENDOZA87573559;87573559@hotmail.com;87573559
296;Nombre 29;Apellido 69;9259502;MENDOZA;MENDOZA;5500;MENDOZA73370639;73370639@hotmail.com;73370639
297;Nombre 43;Apellido 24;47185554;MENDOZA;MENDOZA;5500;MENDOZA28255211;28255211@hotmail.com;28255211
298;Nombre 13;Apellido 42;73834576;MENDOZA;MENDOZA;5500;MENDOZA59321311;59321311@hotmail.com;59321311
299;Nombre 44;Apellido 32;47383811;MENDOZA;MENDOZA;5500;MENDOZA57268456;57268456@hotmail.com;57268456
300;Nombre 38;Apellido 68;30698897;MENDOZA;MENDOZA;5500;MENDOZA6678304;6678304@hotmail.com;6678304
301;Nombre 40;Apellido 46;19868320;MENDOZA;MENDOZA;5500;MENDOZA28308530;28308530@hotmail.com;28308530
302;Nombre 44;Apellido 56;67715761;MENDOZA;MENDOZA;5500;MENDOZA29125758;29125758@hotmail.com;29125758
303;Nombre 1;Apellido 60;93883991;MENDOZA;MENDOZA;5500;MENDOZA39489571;39489571@hotmail.com;39489571
304;Nombre 53;Apellido 56;81205027;MENDOZA;MENDOZA;5500;MENDOZA60902738;60902738@hotmail.com;60902738
305;Nombre 18;Apellido 4;85364725;MENDOZA;MENDOZA;5500;MENDOZA174575;174575@hotmail.com;174575
306;Nombre 8;Apellido 51;80958571;MENDOZA;MENDOZA;5500;MENDOZA56092068;56092068@hotmail.com;56092068
307;Nombre 52;Apellido 3;77756252;MENDOZA;MENDOZA;5500;MENDOZA69104472;69104472@hotmail.com;69104472
308;Nombre 36;Apellido 59;21243614;MENDOZA;MENDOZA;5500;MENDOZA9452969;9452969@hotmail.com;9452969
309;Nombre 42;Apellido 29;44906076;MENDOZA;MENDOZA;5500;MENDOZA91135400;91135400@hotmail.com;91135400
310;Nombre 8;Apellido 5;99939295;MENDOZA;MENDOZA;5500;MENDOZA27442636;27442636@hotmail.com;27442636
311;Nombre 65;Apellido 47;83435368;MENDOZA;MENDOZA;5500;MENDOZA21929720;21929720@hotmail.com;21929720
312;Nombre 37;Apellido 37;36461160;MENDOZA;MENDOZA;5500;MENDOZA5382524;5382524@hotmail.com;5382524
313;Nombre 21;Apellido 26;99272472;MENDOZA;MENDOZA;5500;MENDOZA12594463;12594463@hotmail.com;12594463
314;Nombre 60;Apellido 45;49782294;MENDOZA;MENDOZA;5500;MENDOZA23875668;23875668@hotmail.com;23875668
315;Nombre 23;Apellido 59;86118907;MENDOZA;MENDOZA;5500;MENDOZA32743176;32743176@hotmail.com;32743176
316;Nombre 62;Apellido 6;45912583;MENDOZA;MENDOZA;5500;MENDOZA52951063;52951063@hotmail.com;52951063
317;Nombre 42;Apellido 69;94196503;MENDOZA;MENDOZA;5500;MENDOZA70558831;70558831@hotmail.com;70558831
318;Nombre 21;Apellido 63;63965411;MENDOZA;MENDOZA;5500;MENDOZA23441176;23441176@hotmail.com;23441176
319;Nombre 9;Apellido 2;68911303;MENDOZA;MENDOZA;5500;MENDOZA43504236;43504236@hotmail.com;43504236
320;Nombre 57;Apellido 58;59802963;MENDOZA;MENDOZA;5500;MENDOZA83292993;83292993@hotmail.com;83292993
321;Nombre 24;Apellido 6;20851276;MENDOZA;MENDOZA;5500;MENDOZA41272270;41272270@hotmail.com;41272270
322;Nombre 20;Apellido 68;53648503;MENDOZA;MENDOZA;5500;MENDOZA32438057;32438057@hotmail.com;32438057
323;Nombre 70;Apellido 58;2158292;MENDOZA;MENDOZA;5500;MENDOZA62864134;62864134@hotmail.com;62864134
324;Nombre 68;Apellido 26;74490563;MENDOZA;MENDOZA;5500;MENDOZA18131693;18131693@hotmail.com;18131693
325;Nombre 4;Apellido 57;17690455;MENDOZA;MENDOZA;5500;MENDOZA88364520;88364520@hotmail.com;88364520
326;Nombre 60;Apellido 66;80146177;MENDOZA;MENDOZA;5500;MENDOZA57007242;57007242@hotmail.com;57007242
327;Nombre 0;Apellido 15;1991338;MENDOZA;MENDOZA;5500;MENDOZA80646136;80646136@hotmail.com;80646136
328;Nombre 26;Apellido 18;62127273;MENDOZA;MENDOZA;5500;MENDOZA28231842;28231842@hotmail.com;28231842
329;Nombre 26;Apellido 21;80943196;MENDOZA;MENDOZA;5500;MENDOZA57042303;57042303@hotmail.com;57042303
330;Nombre 11;Apellido 55;92657089;MENDOZA;MENDOZA;5500;MENDOZA90912227;90912227@hotmail.com;90912227
331;Nombre 67;Apellido 8;97699357;CORDOBA;CORDOBA;5000;CORDOBA21698070;21698070@hotmail.com;21698070
332;Nombre 54;Apellido 18;85066433;CORDOBA;CORDOBA;5000;CORDOBA19161249;19161249@hotmail.com;19161249
333;Nombre 61;Apellido 55;80226959;CORDOBA;CORDOBA;5000;CORDOBA48132731;48132731@hotmail.com;48132731
334;Nombre 39;Apellido 60;5178697;CORDOBA;CORDOBA;5000;CORDOBA9939713;9939713@hotmail.com;9939713
335;Nombre 1;Apellido 57;28267716;CORDOBA;CORDOBA;5000;CORDOBA42367341;42367341@hotmail.com;42367341
336;Nombre 53;Apellido 45;41046973;CORDOBA;CORDOBA;5000;CORDOBA5937520;5937520@hotmail.com;5937520
337;Nombre 55;Apellido 68;93026393;CORDOBA;CORDOBA;5000;CORDOBA70199896;70199896@hotmail.com;70199896
338;Nombre 54;Apellido 3;51477670;CORDOBA;CORDOBA;5000;CORDOBA31419528;31419528@hotmail.com;31419528
339;Nombre 23;Apellido 70;57272136;CORDOBA;CORDOBA;5000;CORDOBA69821181;69821181@hotmail.com;69821181
340;Nombre 58;Apellido 59;24166674;CORDOBA;CORDOBA;5000;CORDOBA70263786;70263786@hotmail.com;70263786
341;Nombre 69;Apellido 25;17196604;CORDOBA;CORDOBA;5000;CORDOBA91490697;91490697@hotmail.com;91490697
342;Nombre 10;Apellido 45;75052607;CORDOBA;CORDOBA;5000;CORDOBA18554351;18554351@hotmail.com;18554351
343;Nombre 12;Apellido 7;42287742;CORDOBA;CORDOBA;5000;CORDOBA59532596;59532596@hotmail.com;59532596
344;Nombre 16;Apellido 12;68786289;CORDOBA;CORDOBA;5000;CORDOBA29311594;29311594@hotmail.com;29311594
345;Nombre 42;Apellido 6;94184297;CORDOBA;CORDOBA;5000;CORDOBA65125970;65125970@hotmail.com;65125970
346;Nombre 33;Apellido 21;82217130;CORDOBA;CORDOBA;5000;CORDOBA83566224;83566224@hotmail.com;83566224
347;Nombre 58;Apellido 27;20071239;CORDOBA;CORDOBA;5000;CORDOBA99475083;99475083@hotmail.com;99475083
348;Nombre 59;Apellido 68;28760142;CORDOBA;CORDOBA;5000;CORDOBA83388047;83388047@hotmail.com;83388047
349;Nombre 26;Apellido 31;77320418;CORDOBA;CORDOBA;5000;CORDOBA80738274;80738274@hotmail.com;80738274
350;Nombre 36;Apellido 63;10747789;CORDOBA;CORDOBA;5000;CORDOBA71108203;71108203@hotmail.com;71108203
351;Nombre 1;Apellido 16;71996774;CORDOBA;CORDOBA;5000;CORDOBA20916859;20916859@hotmail.com;20916859
352;Nombre 28;Apellido 3;32767740;CORDOBA;CORDOBA;5000;CORDOBA51328083;51328083@hotmail.com;51328083
353;Nombre 70;Apellido 34;9323096;CORDOBA;CORDOBA;5000;CORDOBA3667726;3667726@hotmail.com;3667726
354;Nombre 9;Apellido 23;43982679;CORDOBA;CORDOBA;5000;CORDOBA83955913;83955913@hotmail.com;83955913
355;Nombre 55;Apellido 64;15573754;CORDOBA;CORDOBA;5000;CORDOBA85178029;85178029@hotmail.com;85178029
356;Nombre 9;Apellido 38;48024842;CORDOBA;CORDOBA;5000;CORDOBA47081771;47081771@hotmail.com;47081771
357;Nombre 36;Apellido 27;31059841;CORDOBA;CORDOBA;5000;CORDOBA98862546;98862546@hotmail.com;98862546
358;Nombre 36;Apellido 26;30822977;CORDOBA;CORDOBA;5000;CORDOBA46685200;46685200@hotmail.com;46685200
359;Nombre 59;Apellido 7;27347487;CORDOBA;CORDOBA;5000;CORDOBA3311731;3311731@hotmail.com;3311731
360;Nombre 63;Apellido 27;79281355;CORDOBA;CORDOBA;5000;CORDOBA98720384;98720384@hotmail.com;98720384
361;Nombre 20;Apellido 14;29653100;CORDOBA;CORDOBA;5000;CORDOBA791045;791045@hotmail.com;791045
362;Nombre 28;Apellido 42;55781145;CORDOBA;CORDOBA;5000;CORDOBA89858449;89858449@hotmail.com;89858449
363;Nombre 25;Apellido 49;40081261;CORDOBA;CORDOBA;5000;CORDOBA11392990;11392990@hotmail.com;11392990
364;Nombre 0;Apellido 68;27767267;CORDOBA;CORDOBA;5000;CORDOBA61963883;61963883@hotmail.com;61963883
365;Nombre 32;Apellido 28;48173433;CORDOBA;CORDOBA;5000;CORDOBA82956957;82956957@hotmail.com;82956957
366;Nombre 18;Apellido 3;40035843;CORDOBA;CORDOBA;5000;CORDOBA77183557;77183557@hotmail.com;77183557
367;Nombre 31;Apellido 65;72841013;CORDOBA;CORDOBA;5000;CORDOBA67946626;67946626@hotmail.com;67946626
368;Nombre 15;Apellido 46;35626813;CORDOBA;CORDOBA;5000;CORDOBA34336412;34336412@hotmail.com;34336412
369;Nombre 69;Apellido 31;21449704;CORDOBA;CORDOBA;5000;CORDOBA1020252;1020252@hotmail.com;1020252
370;Nombre 54;Apellido 19;44395033;CORDOBA;CORDOBA;5000;CORDOBA91175976;91175976@hotmail.com;91175976
371;Nombre 30;Apellido 25;46451518;CORDOBA;CORDOBA;5000;CORDOBA62018278;62018278@hotmail.com;62018278
372;Nombre 50;Apellido 69;45384951;CORDOBA;CORDOBA;5000;CORDOBA33185237;33185237@hotmail.com;33185237
373;Nombre 3;Apellido 63;72935934;CORDOBA;CORDOBA;5000;CORDOBA32060597;32060597@hotmail.com;32060597
374;Nombre 6;Apellido 53;88135210;CORDOBA;CORDOBA;5000;CORDOBA39045601;39045601@hotmail.com;39045601
375;Nombre 11;Apellido 50;8765587;CORDOBA;CORDOBA;5000;CORDOBA20490217;20490217@hotmail.com;20490217
376;Nombre 55;Apellido 63;11119072;CORDOBA;CORDOBA;5000;CORDOBA61052570;61052570@hotmail.com;61052570
377;Nombre 50;Apellido 41;6109451;CORDOBA;CORDOBA;5000;CORDOBA9180869;9180869@hotmail.com;9180869
378;Nombre 7;Apellido 50;93876020;CORDOBA;CORDOBA;5000;CORDOBA39846719;39846719@hotmail.com;39846719
379;Nombre 22;Apellido 6;44285477;SANTA FE;SANTA FE;2000;SANTA FE81466268;81466268@hotmail.com;81466268
380;Nombre 66;Apellido 35;8262880;SANTA FE;SANTA FE;2000;SANTA FE45268486;45268486@hotmail.com;45268486
381;Nombre 25;Apellido 14;50535301;SANTA FE;SANTA FE;2000;SANTA FE55433304;55433304@hotmail.com;55433304
382;Nombre 47;Apellido 65;17966003;SANTA FE;SANTA FE;2000;SANTA FE6370662;6370662@hotmail.com;6370662
383;Nombre 17;Apellido 39;70898342;SANTA FE;SANTA FE;2000;SANTA FE56897871;56897871@hotmail.com;56897871
384;Nombre 34;Apellido 53;2348186;SANTA FE;SANTA FE;2000;SANTA FE5137191;5137191@hotmail.com;5137191
385;Nombre 70;Apellido 44;77516931;SANTA FE;SANTA FE;2000;SANTA FE53960932;53960932@hotmail.com;53960932
386;Nombre 16;Apellido 52;28296537;SANTA FE;SANTA FE;2000;SANTA FE40827126;40827126@hotmail.com;40827126
387;Nombre 7;Apellido 68;32835245;SANTA FE;SANTA FE;2000;SANTA FE42095908;42095908@hotmail.com;42095908
388;Nombre 62;Apellido 32;53494340;SANTA FE;SANTA FE;2000;SANTA FE69717726;69717726@hotmail.com;69717726
389;Nombre 54;Apellido 33;83163345;SANTA FE;SANTA FE;2000;SANTA FE52282168;52282168@hotmail.com;52282168
390;Nombre 21;Apellido 35;47027571;SANTA FE;SANTA FE;2000;SANTA FE22051643;22051643@hotmail.com;22051643
391;Nombre 45;Apellido 61;83435847;SANTA FE;SANTA FE;2000;SANTA FE42370625;42370625@hotmail.com;42370625
392;Nombre 12;Apellido 32;53083871;SANTA FE;SANTA FE;2000;SANTA FE41954062;41954062@hotmail.com;41954062
393;Nombre 46;Apellido 26;47738091;SANTA FE;SANTA FE;2000;SANTA FE87806593;87806593@hotmail.com;87806593
394;Nombre 9;Apellido 46;84399987;SANTA FE;SANTA FE;2000;SANTA FE73793010;73793010@hotmail.com;73793010
395;Nombre 45;Apellido 68;13898623;SANTA FE;SANTA FE;2000;SANTA FE77764597;77764597@hotmail.com;77764597
396;Nombre 12;Apellido 70;11816867;SANTA FE;SANTA FE;2000;SANTA FE80788572;80788572@hotmail.com;80788572
397;Nombre 47;Apellido 11;19315607;SANTA FE;SANTA FE;2000;SANTA FE38955069;38955069@hotmail.com;38955069
398;Nombre 32;Apellido 17;51626010;SANTA FE;SANTA FE;2000;SANTA FE68575897;68575897@hotmail.com;68575897
399;Nombre 9;Apellido 53;24919039;SANTA FE;SANTA FE;2000;SANTA FE95691375;95691375@hotmail.com;95691375
400;Nombre 22;Apellido 48;44215483;SANTA FE;SANTA FE;2000;SANTA FE51896656;51896656@hotmail.com;51896656
401;Nombre 15;Apellido 64;37055565;SANTA FE;SANTA FE;2000;SANTA FE51667527;51667527@hotmail.com;51667527
402;Nombre 39;Apellido 0;55790315;SANTA FE;SANTA FE;2000;SANTA FE39700326;39700326@hotmail.com;39700326
403;Nombre 48;Apellido 13;56965836;SANTA FE;SANTA FE;2000;SANTA FE68265077;68265077@hotmail.com;68265077
404;Nombre 50;Apellido 33;23653911;SANTA FE;SANTA FE;2000;SANTA FE79809222;79809222@hotmail.com;79809222
405;Nombre 28;Apellido 23;4816074;SANTA FE;SANTA FE;2000;SANTA FE64616898;64616898@hotmail.com;64616898
406;Nombre 68;Apellido 5;47761087;SANTA FE;SANTA FE;2000;SANTA FE45131031;45131031@hotmail.com;45131031
407;Nombre 28;Apellido 10;91918169;SANTA FE;SANTA FE;2000;SANTA FE76203882;76203882@hotmail.com;76203882
408;Nombre 30;Apellido 49;14118022;SANTA FE;SANTA FE;2000;SANTA FE19443718;19443718@hotmail.com;19443718
409;Nombre 42;Apellido 16;49361688;SANTA FE;SANTA FE;2000;SANTA FE58107845;58107845@hotmail.com;58107845
410;Nombre 47;Apellido 39;15301470;SANTA FE;SANTA FE;2000;SANTA FE51346172;51346172@hotmail.com;51346172
411;Nombre 39;Apellido 7;13884085;SANTA FE;SANTA FE;2000;SANTA FE84412971;84412971@hotmail.com;84412971
412;Nombre 0;Apellido 31;20152829;SANTA FE;SANTA FE;2000;SANTA FE53443184;53443184@hotmail.com;53443184
413;Nombre 44;Apellido 50;49082388;SANTA FE;SANTA FE;2000;SANTA FE81424056;81424056@hotmail.com;81424056
414;Nombre 26;Apellido 20;87888439;SANTA FE;SANTA FE;2000;SANTA FE82656279;82656279@hotmail.com;82656279
415;Nombre 60;Apellido 17;70243369;SANTA FE;SANTA FE;2000;SANTA FE95700233;95700233@hotmail.com;95700233
416;Nombre 7;Apellido 18;34834778;SANTA FE;SANTA FE;2000;SANTA FE13226803;13226803@hotmail.com;13226803
417;Nombre 43;Apellido 41;98924802;SANTA FE;SANTA FE;2000;SANTA FE71298095;71298095@hotmail.com;71298095
418;Nombre 3;Apellido 48;47187451;SANTA FE;SANTA FE;2000;SANTA FE12070666;12070666@hotmail.com;12070666
419;Nombre 50;Apellido 7;5305558;SANTA FE;SANTA FE;2000;SANTA FE28550562;28550562@hotmail.com;28550562
420;Nombre 13;Apellido 45;7109848;SANTA FE;SANTA FE;2000;SANTA FE16284293;16284293@hotmail.com;16284293
421;Nombre 27;Apellido 38;85147146;SANTA FE;SANTA FE;2000;SANTA FE60212873;60212873@hotmail.com;60212873
422;Nombre 25;Apellido 68;17697603;SANTA FE;SANTA FE;2000;SANTA FE53480038;53480038@hotmail.com;53480038
423;Nombre 54;Apellido 70;48446494;SANTA FE;SANTA FE;2000;SANTA FE2482363;2482363@hotmail.com;2482363
424;Nombre 41;Apellido 22;94467263;SANTA FE;SANTA FE;2000;SANTA FE10000396;10000396@hotmail.com;10000396
425;Nombre 35;Apellido 0;79544462;SANTA FE;SANTA FE;2000;SANTA FE87404016;87404016@hotmail.com;87404016
426;Nombre 10;Apellido 32;45773527;SANTA FE;SANTA FE;2000;SANTA FE51740318;51740318@hotmail.com;51740318
427;Nombre 58;Apellido 23;26184494;SANTA FE;SANTA FE;2000;SANTA FE30232463;30232463@hotmail.com;30232463
428;Nombre 0;Apellido 4;14672617;SANTA FE;SANTA FE;2000;SANTA FE13174609;13174609@hotmail.com;13174609
429;Nombre 42;Apellido 39;26950936;SANTA FE;SANTA FE;2000;SANTA FE67717572;67717572@hotmail.com;67717572
430;Nombre 53;Apellido 17;62046571;SANTA FE;SANTA FE;2000;SANTA FE57184233;57184233@hotmail.com;57184233
431;Nombre 66;Apellido 23;33379835;CABA;CABA;1000;CABA9863279;9863279@hotmail.com;9863279
432;Nombre 56;Apellido 39;61163037;CABA;CABA;1000;CABA50405257;50405257@hotmail.com;50405257
433;Nombre 29;Apellido 19;92111202;CABA;CABA;1000;CABA43887601;43887601@hotmail.com;43887601
434;Nombre 45;Apellido 7;62209260;CABA;CABA;1000;CABA14153523;14153523@hotmail.com;14153523
435;Nombre 44;Apellido 69;42588955;CABA;CABA;1000;CABA81858811;81858811@hotmail.com;81858811
436;Nombre 35;Apellido 60;710968;CABA;CABA;1000;CABA81635846;81635846@hotmail.com;81635846
437;Nombre 53;Apellido 28;52422721;CABA;CABA;1000;CABA46333392;46333392@hotmail.com;46333392
438;Nombre 31;Apellido 17;34193452;CABA;CABA;1000;CABA89336091;89336091@hotmail.com;89336091
439;Nombre 10;Apellido 44;52577356;CABA;CABA;1000;CABA66373609;66373609@hotmail.com;66373609
440;Nombre 54;Apellido 18;29092057;CABA;CABA;1000;CABA39415601;39415601@hotmail.com;39415601
441;Nombre 38;Apellido 64;71586452;CABA;CABA;1000;CABA11236192;11236192@hotmail.com;11236192
442;Nombre 67;Apellido 68;5963960;CABA;CABA;1000;CABA15008796;15008796@hotmail.com;15008796
443;Nombre 12;Apellido 22;77092931;CABA;CABA;1000;CABA24021577;24021577@hotmail.com;24021577
444;Nombre 64;Apellido 20;20746506;CABA;CABA;1000;CABA99804963;99804963@hotmail.com;99804963
445;Nombre 63;Apellido 38;65863208;CABA;CABA;1000;CABA62440504;62440504@hotmail.com;62440504
446;Nombre 31;Apellido 8;87465873;CABA;CABA;1000;CABA24727992;24727992@hotmail.com;24727992
447;Nombre 13;Apellido 57;53224048;CABA;CABA;1000;CABA89939096;89939096@hotmail.com;89939096
448;Nombre 43;Apellido 41;71802186;CABA;CABA;1000;CABA29360734;29360734@hotmail.com;29360734
449;Nombre 57;Apellido 44;79418254;CABA;CABA;1000;CABA45635134;45635134@hotmail.com;45635134
450;Nombre 70;Apellido 11;32705193;CABA;CABA;1000;CABA14576371;14576371@hotmail.com;14576371
451;Nombre 46;Apellido 45;5014368;CABA;CABA;1000;CABA15329641;15329641@hotmail.com;15329641
452;Nombre 25;Apellido 61;2331690;CABA;CABA;1000;CABA70264503;70264503@hotmail.com;70264503
453;Nombre 57;Apellido 38;18146818;CABA;CABA;1000;CABA14304353;14304353@hotmail.com;14304353
454;Nombre 47;Apellido 4;53508764;CABA;CABA;1000;CABA71765982;71765982@hotmail.com;71765982
455;Nombre 4;Apellido 39;32479067;CABA;CABA;1000;CABA13294666;13294666@hotmail.com;13294666
456;Nombre 23;Apellido 15;53344466;CABA;CABA;1000;CABA48411784;48411784@hotmail.com;48411784
457;Nombre 23;Apellido 30;52408400;CABA;CABA;1000;CABA6099688;6099688@hotmail.com;6099688
458;Nombre 44;Apellido 35;75200994;CABA;CABA;1000;CABA74213809;74213809@hotmail.com;74213809
459;Nombre 11;Apellido 20;8764785;CABA;CABA;1000;CABA46478261;46478261@hotmail.com;46478261
460;Nombre 33;Apellido 10;86768968;CABA;CABA;1000;CABA15158370;15158370@hotmail.com;15158370
461;Nombre 33;Apellido 45;88257876;CABA;CABA;1000;CABA15568017;15568017@hotmail.com;15568017
462;Nombre 48;Apellido 62;36251121;CABA;CABA;1000;CABA79647612;79647612@hotmail.com;79647612
463;Nombre 14;Apellido 48;58918228;CABA;CABA;1000;CABA12900685;12900685@hotmail.com;12900685
464;Nombre 67;Apellido 8;72558801;CABA;CABA;1000;CABA62424143;62424143@hotmail.com;62424143
465;Nombre 57;Apellido 51;24046583;CABA;CABA;1000;CABA64581775;64581775@hotmail.com;64581775
466;Nombre 4;Apellido 44;98886345;CABA;CABA;1000;CABA90866206;90866206@hotmail.com;90866206
467;Nombre 27;Apellido 16;62576088;CABA;CABA;1000;CABA83328538;83328538@hotmail.com;83328538
468;Nombre 8;Apellido 9;26060642;CABA;CABA;1000;CABA82983601;82983601@hotmail.com;82983601
469;Nombre 22;Apellido 60;54676675;CABA;CABA;1000;CABA95352265;95352265@hotmail.com;95352265
470;Nombre 51;Apellido 5;55732393;CABA;CABA;1000;CABA4969695;4969695@hotmail.com;4969695
471;Nombre 66;Apellido 2;69861531;CABA;CABA;1000;CABA18627050;18627050@hotmail.com;18627050
472;Nombre 25;Apellido 38;40910660;CABA;CABA;1000;CABA83026242;83026242@hotmail.com;83026242
473;Nombre 7;Apellido 33;59327265;CABA;CABA;1000;CABA62567219;62567219@hotmail.com;62567219
474;Nombre 33;Apellido 29;88734628;CABA;CABA;1000;CABA28691659;28691659@hotmail.com;28691659
475;Nombre 11;Apellido 40;44870199;CABA;CABA;1000;CABA48762524;48762524@hotmail.com;48762524
476;Nombre 64;Apellido 61;47980082;CABA;CABA;1000;CABA92448797;92448797@hotmail.com;92448797
477;Nombre 53;Apellido 57;10130993;CABA;CABA;1000;CABA80978879;80978879@hotmail.com;80978879
478;Nombre 59;Apellido 54;60929129;CABA;CABA;1000;CABA69406622;69406622@hotmail.com;69406622
479;Nombre 52;Apellido 14;54351317;CABA;CABA;1000;CABA26470725;26470725@hotmail.com;26470725
480;Nombre 69;Apellido 20;19269429;CABA;CABA;1000;CABA59845303;59845303@hotmail.com;59845303
481;Nombre 17;Apellido 7;69064774;CABA;CABA;1000;CABA92679075;92679075@hotmail.com;92679075
482;Nombre 66;Apellido 55;99074607;CABA;CABA;1000;CABA91952597;91952597@hotmail.com;91952597
483;Nombre 27;Apellido 43;537141;CABA;CABA;1000;CABA78079590;78079590@hotmail.com;78079590
484;Nombre 60;Apellido 16;27154873;CABA;CABA;1000;CABA63789836;63789836@hotmail.com;63789836
485;Nombre 28;Apellido 31;98228732;CABA;CABA;1000;CABA54332895;54332895@hotmail.com;54332895
486;Nombre 2;Apellido 12;55722462;CABA;CABA;1000;CABA65099867;65099867@hotmail.com;65099867
487;Nombre 42;Apellido 10;56546673;CABA;CABA;1000;CABA61572337;61572337@hotmail.com;61572337
488;Nombre 47;Apellido 45;64019049;CABA;CABA;1000;CABA19760661;19760661@hotmail.com;19760661
489;Nombre 27;Apellido 64;94722369;BUENOS AIRES;BUENOS AIRES;1600;BUENOS AIRES8802699;8802699@hotmail.com;8802699
490;Nombre 64;Apellido 66;22993595;BUENOS AIRES;BUENOS AIRES;1600;BUENOS AIRES8313604;8313604@hotmail.com;8313604
491;Nombre 67;Apellido 46;387180;BUENOS AIRES;BUENOS AIRES;1600;BUENOS AIRES7699676;7699676@hotmail.com;7699676
492;Nombre 54;Apellido 0;25052584;BUENOS AIRES;BUENOS AIRES;1600;BUENOS AIRES12933477;12933477@hotmail.com;12933477
493;Nombre 4;Apellido 67;75487283;BUENOS AIRES;BUENOS AIRES;1600;BUENOS AIRES97879408;97879408@hotmail.com;97879408
494;Nombre 8;Apellido 18;7147121;BUENOS AIRES;BUENOS AIRES;1600;BUENOS AIRES89399289;89399289@hotmail.com;89399289
495;Nombre 0;Apellido 22;59299738;BUENOS AIRES;BUENOS AIRES;1600;BUENOS AIRES63797492;63797492@hotmail.com;63797492
496;Nombre 57;Apellido 67;57891530;BUENOS AIRES;BUENOS AIRES;1600;BUENOS AIRES41075306;41075306@hotmail.com;41075306
497;Nombre 18;Apellido 1;79770818;BUENOS AIRES;BUENOS AIRES;1600;BUENOS AIRES93248160;93248160@hotmail.com;93248160
498;Nombre 21;Apellido 40;62967438;BUENOS AIRES;BUENOS AIRES;1600;BUENOS AIRES16686364;16686364@hotmail.com;16686364
499;Nombre 45;Apellido 65;70042685;BUENOS AIRES;BUENOS AIRES;1600;BUENOS AIRES81939053;81939053@hotmail.com;81939053
500;Nombre 13;Apellido 4;86759714;BUENOS AIRES;BUENOS AIRES;1600;BUENOS AIRES8899502;8899502@hotmail.com;8899502
