Id_productos;nombre_producto;descripcion;cod_barras;variantes
1;Termo Classic 0.87 L;Stanley Termo Classic 0.87 L;2529485935;verde
2; Termo Classic 1 L;Stanley Termo Classic 1 L ;2529540690;verde
3; Termo Classic 1.1L;Stanley Termo Classic 1.1L;2529595445;verde
4; Termo Classic 1.4L;Stanley Termo Classic 1.4L;2529650200;verde
5;Termo Classic 1.9 L;Stanley Termo Classic 1.9 LTS de acero inoxidable verde;2529704955;verde
6; Jarra De Cerveza Adventure 700ml;Stanley Jarra De Cerveza Adventure 700ml;2529759710;verde
7;Vaso termico Stanley Classic 591m;Vaso termico Stanley Classic Neverleak TM color polar 591m;2529814465;blanco
8;Vaso Stanley 354 Ml Camp Mug ;Vaso Stanley 354 Ml Camp Mug Edici�n Limita;2529869220;blanco
9;Vaso Termico Stanley Starbucks;Vaso Termico Stanley Starbucks;2529923975;blanco
10;Vaso termico Stanley Classic  887mL;Vaso termico Stanley Classic Flip Straw color charcoal 887mL;2529978730;verde
