Id_publicacion;cod_publicacion_market;titulo_publicacion;tipo_publicacion
1;MLA1106596086;Stanley Termo Clasic 0.87 L Nuevo;1
2;MLA1132851564;Stanley Termo Clasic 1 L Nuevo;1
3;MLA1135214855;Stanley Termo Classic 1.1L;1
4;MLA1134216832;Stanley Termo Classic 1.4L;1
5;MLA1134216833;Stanley Termo Clasic 1.9 LTS de acero inoxidable verde;1
6;MLA1134216834;Stanley Jarra De Cerveza Adventure 700ml;1
7;MLA1106533254;Vaso termico Stanley Classic Neverleak TM color polar 591m;1
8;MLA113287631;Vaso Stanley 354 Ml Camp Mug Edicion Limitada;1
9;MLA1135857825;Vaso Termico Stanley Starbucks;1
10;MLA1134795259;Vaso termico Stanley Classic Flip Straw color charcoal 887mL;1
